Category,Subcategory,Description,SEO Title,SEO Description
Vitamins,,Essential vitamins and micronutrients to support your health and wellbeing in Kenya.,Vitamins in Kenya — Shop Premium Vitamin Supplements,Buy premium vitamins in Kenya. Vitamin C D B-Complex K and more. Fast delivery nationwide.
Vitamins,Vitamin C,Vitamin C supplements to boost immunity and support skin health in Kenya.,Vitamin C Supplements in Kenya,Shop the best Vitamin C supplements in Kenya. Boost immunity and skin health. Delivered nationwide.
Vitamins,Vitamin D,Vitamin D supplements to support bone health and immunity in Kenya.,Vitamin D Supplements in Kenya,Buy Vitamin D supplements in Kenya. Support bone health and immunity. Authentic products delivered fast.
Vitamins,Vitamin B Complex,Vitamin B Complex supplements to support energy metabolism and brain function in Kenya.,Vitamin B Complex in Kenya,Shop Vitamin B Complex supplements in Kenya. Support energy metabolism and brain function.
Vitamins,Vitamin K,Vitamin K supplements to support bone and cardiovascular health in Kenya.,Vitamin K Supplements in Kenya,Buy Vitamin K supplements in Kenya. Support bone and cardiovascular health.
Vitamins,Multivitamins,Complete daily multivitamin supplements for men women and kids in Kenya.,Multivitamin Supplements in Kenya,Shop multivitamin supplements in Kenya for men women and kids. Complete daily nutrition support.
Vitamins,Kids Supplements,Safe and effective vitamins and supplements specially formulated for children in Kenya.,Kids Supplements in Kenya,Buy children's vitamins and supplements in Kenya. Safe and effective nutrition for kids.
Collagen,,"Premium collagen supplements to support skin elasticity, joints and overall vitality in Kenya.",Collagen Supplements in Kenya — Shop Collagen Peptides and Powders,Buy collagen supplements in Kenya. Collagen peptides powders and capsules for skin joints and hair.
Collagen,Collagen Peptides,Hydrolysed collagen peptide powders for skin hair nails and joints in Kenya.,Collagen Peptides in Kenya,Shop collagen peptide powders in Kenya. Hydrolysed collagen for skin hair nails and joints.
Collagen,Collagen Capsules,Convenient daily collagen capsules for skin and joint health in Kenya.,Collagen Capsules in Kenya,Buy collagen capsules in Kenya. Convenient daily collagen supplements for skin and joint health.
Protein,,High-quality protein supplements for muscle building recovery and everyday nutrition in Kenya.,Protein Supplements in Kenya — Whey Protein and Powder,Buy protein supplements in Kenya. Whey protein and protein powder delivered fast.
Protein,Whey Protein,Premium whey protein supplements to build muscle and support recovery in Kenya.,Whey Protein in Kenya,Shop whey protein supplements in Kenya. Build muscle and support recovery with premium whey.
Protein,Protein Powder,High-quality protein powder blends for muscle growth and daily nutrition in Kenya.,Protein Powder in Kenya,Buy protein powder in Kenya. High-quality blends for muscle growth and daily nutrition.
Protein,Creatine,Creatine supplements to boost strength power and athletic performance in Kenya.,Creatine Supplements in Kenya,Shop creatine supplements in Kenya. Boost strength power and athletic performance.
Weight Management,,Supplements to support healthy weight management metabolism and appetite control in Kenya.,Weight Management Supplements in Kenya,Buy weight management supplements in Kenya. Support healthy metabolism and appetite control.
Probiotics and Gut Health,,Probiotic and digestive health supplements to support gut microbiome and digestion in Kenya.,Probiotics in Kenya — Digestive Health Supplements,Shop probiotic and gut health supplements in Kenya. Support digestion and gut microbiome balance.
Probiotics and Gut Health,Probiotics,Live culture probiotic supplements to support gut health and immune function in Kenya.,Probiotic Supplements in Kenya,Buy probiotic supplements in Kenya. Support gut health and immune function with live cultures.
Probiotics and Gut Health,Digestive Supplements,Digestive enzymes prebiotics and gut support formulas for better digestion in Kenya.,Digestive Supplements in Kenya,Shop digestive health supplements in Kenya. Enzymes prebiotics and gut support formulas.
Womens Health,,Supplements specially formulated to support womens hormonal balance energy and vitality in Kenya.,Womens Health Supplements in Kenya,Buy womens health supplements in Kenya. Hormonal balance prenatal vitamins and female wellness.
Womens Health,Prenatal Vitamins,Essential prenatal vitamins with folic acid and DHA for pregnancy and maternal health in Kenya.,Prenatal Vitamins in Kenya,Shop prenatal vitamins in Kenya. Essential nutrients for pregnancy and maternal health.
Womens Health,Hormonal Balance,Natural supplements to support womens hormonal health and balance in Kenya.,Hormonal Balance Supplements in Kenya,Buy hormonal balance supplements in Kenya. Natural support for womens hormonal health.
Womens Health,Womens Multivitamins,Complete daily multivitamins tailored for womens health and nutrition in Kenya.,Womens Multivitamins in Kenya,Shop multivitamins for women in Kenya. Complete daily nutrition tailored for womens health.
Mens Health,,Supplements formulated to support mens vitality strength and overall performance in Kenya.,Mens Health Supplements in Kenya,Buy mens health supplements in Kenya. Multivitamins performance and vitality support for men.
Mens Health,Mens Multivitamins,Complete daily multivitamins with nutrients specifically for mens health in Kenya.,Mens Multivitamins in Kenya,Shop mens multivitamin supplements in Kenya. Complete daily nutrition for men.
Mens Health,Performance Supplements,Performance supplements to boost strength endurance and athletic output in Kenya.,Performance Supplements in Kenya,Buy performance supplements in Kenya. Boost strength endurance and athletic output.
Minerals,,Essential mineral supplements including magnesium zinc and iron for optimal health in Kenya.,Mineral Supplements in Kenya,Shop mineral supplements in Kenya. Magnesium zinc iron and more for complete nutritional support.
Minerals,Magnesium,Magnesium supplements to support muscle function sleep and stress relief in Kenya.,Magnesium Supplements in Kenya,Buy magnesium supplements in Kenya. Support muscle function sleep and stress relief.
Minerals,Zinc,Zinc supplements to support immunity skin health and wound healing in Kenya.,Zinc Supplements in Kenya,Shop zinc supplements in Kenya. Support immunity skin health and wound healing.
Minerals,Iron,Iron supplements to support healthy red blood cell production and energy levels in Kenya.,Iron Supplements in Kenya,Buy iron supplements in Kenya. Support healthy red blood cell production and energy levels.
Specialty Supplements,,Targeted supplements for immunity brain health bones joints sleep and herbal wellness in Kenya.,Specialty Supplements in Kenya,Shop specialty supplements in Kenya. Immunity brain bones sleep and herbal wellness products.
Specialty Supplements,Immunity,Natural immunity supplements to strengthen your immune system in Kenya.,Immunity Supplements in Kenya,Buy immunity supplements in Kenya. Strengthen your immune system with proven natural formulas.
Specialty Supplements,Brain and Cognitive,Brain and cognitive supplements to support focus memory and mental clarity in Kenya.,Brain Supplements in Kenya,Shop brain and cognitive supplements in Kenya. Support focus memory and mental clarity.
Specialty Supplements,Bones and Joints,Bone and joint supplements to support mobility and bone density naturally in Kenya.,Bone and Joint Supplements in Kenya,Buy bone and joint supplements in Kenya. Support joint mobility and bone density naturally.
Specialty Supplements,Sleep Supplements,Natural sleep supplements to support restful sleep and relaxation in Kenya.,Sleep Supplements in Kenya,Shop sleep supplements in Kenya. Natural support for restful sleep and relaxation.
Specialty Supplements,Herbal Supplements,Natural plant-based herbal supplement formulas for holistic wellness in Kenya.,Herbal Supplements in Kenya,Buy herbal supplements in Kenya. Natural plant-based formulas for holistic wellness.
Food Supplements,,Nutritional food supplements and functional nutrition products for everyday health support in Kenya.,Food Supplements in Kenya — Nutritional Supplements,Shop food supplements in Kenya. Gummies powders and functional nutrition for daily health.
Food Supplements,Gummies,Delicious and effective vitamins and nutrients in convenient gummy supplement form in Kenya.,Supplement Gummies in Kenya,Buy supplement gummies in Kenya. Delicious and effective vitamins and nutrients in gummy form.
